Metric,Baseline,Multimodal,Δ,▲
IoU,0.39939897178727035,0.33188772157711144,-0.06751125021015891,▼
Dice,0.523101698826341,0.46387437029796486,-0.0592273285283762,▼
Precision,0.611640674445559,0.5725648863350644,-0.039075788110494614,▼
Recall,0.5395718668313587,0.49225057179436965,-0.047321295036989064,▼
F1,0.5231016931288383,0.4638743759954677,-0.05922731713337054,▼
Loss,0.35195276316474466,0.4623880658079596,0.11043530264321494,▲
