{
  "iou": 0.014841831104336855,
  "dice": 0.02890338978784926,
  "precision": 0.055743128472172165,
  "recall": 0.024729497100719634,
  "f1": 0.028903384966885343,
  "loss": 0.853471156428842
}