{
  "iou": 0.07026806706562638,
  "dice": 0.1215015066349331,
  "precision": 0.07684620330110192,
  "recall": 0.4606489426292041,
  "f1": 0.12150150616927181,
  "loss": 2.1799841733539806
}