{
  "iou": 0.39939897178727035,
  "dice": 0.523101698826341,
  "precision": 0.611640674445559,
  "recall": 0.5395718668313587,
  "f1": 0.5231016931288383,
  "loss": 0.35195276316474466
}