{
  "iou": 0.33188772157711144,
  "dice": 0.46387437029796486,
  "precision": 0.5725648863350644,
  "recall": 0.49225057179436965,
  "f1": 0.4638743759954677,
  "loss": 0.4623880658079596
}